sample_id;prediction
131672_1767670500;65.39401810334064
131672_1767670800;137.58501941648058
131672_1767671100;180.22131271276183
131672_1767671400;90.96712692087952
134040_1767672000;67.89475511694661
134040_1767672300;103.58041285860727
134040_1767672600;29.71589959657988
134040_1767672900;75.05847732340757
134040_1767673200;111.42315704925733
134040_1767673500;201.43579695425075
122048_1767673800;55.57986720300373
122048_1767674100;33.934863383632944
122048_1767674400;4.062271420502949
122048_1767674700;-31.41439086284275
122048_1767675000;-12.646972985508881
122048_1767675300;-22.49512866916787
131672_1767675600;18.12791012950156
131672_1767675900;30.98588070852194
131672_1767676200;38.654710568383265
131672_1767676500;9.878405207981825
131672_1767676800;-87.9091751723054
131672_1767677100;-37.82072691516397
122658_1767679500;30.35261315858046
122658_1767679800;35.23175892941539
122658_1767680100;30.139457687162295
122658_1767680400;46.87060221229183
122658_1767680700;137.83372350045454
134040_1767684600;-3.1941286351354776
130238_1767684600;34.16764932702754
130238_1767684900;30.153673828113302
134040_1767684900;7.833975115520165
134040_1767685200;56.09936295309094
130238_1767685200;15.638525851834167
134040_1767685500;76.84920852576606
130238_1767685500;42.351540151762
134040_1767685800;67.17880916649159
130238_1767685800;50.029534833390024
130238_1767686100;35.09634918078464
134040_1767686100;78.07049699242629
122658_1767686400;-5.848990053636367
122658_1767686700;15.66717918287022
122658_1767687000;-5.72974390567401
122658_1767687300;8.644606173598472
122658_1767687600;66.61888155880933
122658_1767687900;36.865305465958585
122613_1767690000;56.24124404470251
122613_1767690300;54.90542231453806
122613_1767690600;96.6448527306746
122613_1767690900;90.02480645209732
122613_1767691200;-6.137191954672495
122613_1767691500;9.409502407610592
122048_1767695400;-101.28426506380615
122048_1767695700;-57.609687446423294
122048_1767696000;-1.381425545925996
122048_1767696300;75.48500047803157
122048_1767696600;38.555692687430295
122048_1767696900;-191.28205476338078
133300_1767699000;-23.91430986127599
122048_1767699000;-113.90821094443396
133300_1767699300;-0.3402368954806221
122048_1767699300;-122.76971317600959
122048_1767699600;-145.59758645602145
133300_1767699600;49.0071726754591
122048_1767699900;-115.85493557756203
133300_1767699900;32.407034982679846
122048_1767700200;-17.73573603534294
133300_1767700200;61.92540526160766
122048_1767700500;78.00280201733803
133300_1767700500;48.006104461200486
133957_1767700800;42.9953275708484
133957_1767701100;109.62497504654124
133957_1767701400;68.69868218334238
133957_1767701700;59.762003382197705
133957_1767702000;63.5303822108677
133957_1767702300;130.76943702096037
129964_1767702600;-55.732652350646674
129964_1767702900;-56.19357742175164
129964_1767703200;-18.818626439060914
129964_1767703500;-30.572881366729085
129964_1767704100;-52.93434956272765
122658_1767706200;-22.305816034279324
122658_1767706500;-3.726641859386696
122658_1767706800;0.9658414914851505
122658_1767707100;-0.7960364914191835
122658_1767707400;1.3497962519911404
131672_1767709800;81.07836085713703
122048_1767709800;-78.48818737343987
131672_1767710100;-4.562038823544956
122048_1767710100;-13.385629540866425
131672_1767710400;-3.069867756193581
122048_1767710400;2.6464080346242014
122048_1767710700;4.822384659953574
131672_1767710700;-14.833635382279923
131672_1767711000;-30.237412458482254
122048_1767711000;53.28829457537524
122048_1767711300;4.769866978992596
131672_1767711300;-79.77925360099161
132430_1767713400;254.22071189948787
133300_1767713400;-53.27154946365732
132430_1767713700;255.4260418953513
133300_1767713700;-16.93845071795173
133300_1767714000;1.3241407439799708
132430_1767714000;206.935617879162
132430_1767714300;246.4347356209001
133300_1767714600;-28.019113876635195
132430_1767714600;302.53819715278075
132430_1767714900;345.8759331741512
133300_1767714900;26.551353061719954
122048_1767717000;-8.621914128162985
122048_1767717300;-13.337121222259285
122048_1767717600;-47.68443257103664
122613_1767718800;40.82917940911548
132430_1767720000;-16.219063159921156
132430_1767720300;104.40232520948594
131672_1767722400;114.13409806300061
131672_1767722700;83.90511561598154
131672_1767723000;134.9565048277533
131672_1767723300;301.02490018083296
131672_1767723600;244.2438122064987
131672_1767723900;179.16416897269838
133957_1767724200;119.66570030559785
132430_1767727800;190.36491171090233
132430_1767728100;226.95894499594502
132430_1767728400;180.25208583888246
132430_1767728700;285.2862687611186
132430_1767729000;134.88551325531975
132430_1767729300;105.25497103238425
122048_1767731400;-15.255655541769165
122048_1767731700;-5.582587087931696
122048_1767732000;13.593740331340667
122048_1767732300;19.886707952274307
122048_1767732600;9.56579080043444
122048_1767732900;52.26817884126382
134040_1767733200;287.15516589351023
134040_1767733500;343.85774942535124
134040_1767733800;369.4700554585626
134040_1767734100;306.9102912656865
134040_1767734400;325.4567522104786
134040_1767734700;375.78064168386845
130072_1767736800;-50.955313122412676
130072_1767737100;-5.263540434294047
130072_1767737400;-16.712964680262317
130072_1767737700;7.502334541792422
130072_1767738000;-15.166322900178933
130072_1767738300;-8.657527679293764
130072_1767742200;1.362076258024402
130072_1767742500;20.255981386122983
130072_1767742800;50.450372452783355
130072_1767743100;49.82660986320191
130072_1767743400;38.18633059828431
130072_1767743700;8.825623374432919
